City_name,lat,long,max_temp,humidity,cloud,wind_speed,country
bara,10.37,10.73,26.61,70,14,4.76,NG
boa vista,2.82,-60.67,29.0,66,20,2.1,BR
albany,42.6,-73.97,26.11,65,78,2.24,US
hobart,-42.88,147.33,8.33,65,75,6.7,AU
rikitea,-23.12,-134.97,21.42,70,0,9.43,PF
yumen,40.28,97.2,24.02,19,99,2.98,CN
tuatapere,-46.13,167.68,3.89,83,60,1.34,NZ
jamestown,42.1,-79.24,26.0,54,1,4.1,US
bundaberg,-24.85,152.35,19.0,82,1,3.1,AU
kangaatsiaq,68.31,-53.46,5.36,85,0,6.45,GL
xiaoweizhai,26.19,107.51,22.48,92,94,0.67,CN
kutum,14.2,24.67,25.0,57,96,6.01,SD
casper,42.87,-106.31,31.67,10,1,8.2,US
alice springs,-23.7,133.88,13.0,50,50,3.6,AU
saskylakh,71.92,114.08,13.06,59,54,5.93,RU
arraial do cabo,-22.97,-42.03,20.0,77,75,1.0,BR
victoria,22.29,114.16,30.56,79,100,2.24,HK
labuan,5.28,115.24,28.0,88,75,0.5,MY
busselton,-33.65,115.33,8.89,88,0,4.21,AU
derzhavinsk,51.1,66.32,10.63,92,0,4.35,KZ
new norfolk,-42.78,147.06,7.22,91,51,0.45,AU
mataura,-46.19,168.86,3.89,83,28,1.34,NZ
necochea,-38.55,-58.74,7.78,96,90,1.34,AR
cape town,-33.93,18.42,11.11,93,20,1.0,ZA
bluff,-46.6,168.33,3.89,83,29,1.34,NZ
puerto ayora,-0.74,-90.35,21.67,89,57,1.79,EC
vaini,-21.2,-175.2,24.0,57,40,5.7,TO
bonthe,7.53,-12.51,24.39,90,100,2.55,SL
hovd,48.01,91.64,18.77,39,1,2.74,MN
kyren,51.68,102.14,20.15,54,3,0.35,RU
kodiak,57.79,-152.41,18.0,55,1,1.5,US
meulaboh,4.14,96.13,25.33,86,100,2.4,ID
la asuncion,11.03,-63.86,33.0,63,2,7.7,VE
berlevag,70.86,29.09,7.63,84,94,7.15,NO
mar del plata,-38.0,-57.56,9.44,93,90,2.6,AR
qaanaaq,77.48,-69.36,6.08,64,50,1.71,GL
fare,-16.7,-151.02,27.11,79,62,8.78,PF
carnarvon,-24.87,113.63,18.0,48,0,4.6,AU
papetoai,-17.5,-149.87,30.0,66,20,9.8,PF
khunti,23.08,85.28,26.0,88,75,2.97,IN
stornoway,58.21,-6.39,10.56,76,100,4.1,GB
juba,4.85,31.58,20.21,95,86,1.33,SS
danjiangkou,32.54,111.51,25.79,77,29,0.85,CN
provideniya,64.38,-173.3,9.0,81,40,6.0,RU
vanavara,60.34,102.28,21.42,57,48,2.46,RU
kanturk,52.17,-8.9,12.78,81,75,5.1,IE
kiunga,-6.12,141.29,25.28,91,76,1.79,PG
laurel,39.1,-76.85,31.11,42,1,1.7,US
kruisfontein,-34.0,24.73,12.26,78,9,5.56,ZA
barrow,71.29,-156.79,6.0,81,1,9.3,US
nemuro,43.32,145.57,18.0,77,40,2.1,JP
punta arenas,-53.15,-70.92,0.0,94,100,2.6,CL
tigzirt,36.89,4.12,25.43,40,20,2.27,DZ
vanimo,-2.67,141.3,29.18,64,24,3.3,PG
ponta do sol,32.67,-17.1,22.0,73,40,7.7,PT
anadyr,64.75,177.48,15.0,58,15,7.0,RU
bethel,41.37,-73.41,26.0,65,20,6.2,US
port alfred,-33.59,26.89,16.67,73,1,3.13,ZA
batagay,67.63,134.63,19.83,33,9,2.13,RU
kahului,20.89,-156.47,31.0,48,40,9.8,US
yangambi,0.81,24.43,22.46,82,11,0.43,CD
sterling,39.01,-77.43,30.0,45,20,2.6,US
bambous virieux,-20.34,57.76,22.0,78,40,6.7,MU
kapaa,22.08,-159.32,29.44,62,1,6.7,US
isangel,-19.55,169.27,24.0,53,75,4.1,VU
tiksi,71.69,128.87,1.76,90,37,5.77,RU
taoudenni,22.68,-3.98,35.95,9,3,2.79,ML
saint-philippe,-21.36,55.77,20.0,77,86,4.1,RE
cameta,-2.24,-49.5,26.32,78,89,2.43,BR
namibe,-15.2,12.15,20.3,59,0,1.73,AO
kavieng,-2.57,150.8,28.6,69,19,3.04,PG
thompson,55.74,-97.86,24.0,69,20,4.6,CA
rapar,23.57,70.63,30.23,72,45,7.04,IN
lagoa,39.05,-27.98,19.37,80,0,3.35,PT
hithadhoo,-0.6,73.08,28.96,65,99,1.37,MV
georgetown,5.41,100.34,28.0,88,20,1.5,MY
mwene-ditu,-7.0,23.45,20.12,50,8,1.86,CD
atuona,-9.8,-139.03,27.11,77,13,11.73,PF
odawara,35.26,139.16,27.78,89,97,1.34,JP
fukue,32.69,128.84,24.0,88,75,2.1,JP
solwezi,-12.17,26.39,10.43,64,22,2.58,ZM
rocha,-34.48,-54.33,4.97,87,40,3.09,UY
lagos,6.58,3.75,26.0,88,20,1.0,NG
bredasdorp,-34.53,20.04,12.0,87,27,2.6,ZA
khatanga,71.97,102.5,16.18,46,83,4.56,RU
hermanus,-34.42,19.23,12.22,91,64,0.45,ZA
hilo,19.73,-155.09,28.0,61,20,5.7,US
oranjemund,-28.55,16.43,12.77,86,1,4.9,NA
sandnessjoen,66.02,12.63,7.0,87,5,1.5,NO
mildura,-34.2,142.15,11.0,66,0,4.6,AU
narsaq,60.92,-46.05,11.0,43,100,2.1,GL
atambua,-9.11,124.89,23.5,69,30,2.57,ID
quatre cocos,-20.21,57.76,22.0,78,40,6.7,MU
pec,42.66,20.29,21.0,68,20,1.5,XK
ahipara,-35.17,173.17,14.08,56,3,2.95,NZ
veinticinco de mayo,-35.43,-60.17,8.33,81,13,1.79,AR
samarai,-10.62,150.67,25.52,77,68,7.26,PG
souillac,-20.52,57.52,22.0,78,40,6.7,MU
ushuaia,-54.8,-68.3,-2.0,100,75,1.5,AR
camacha,33.08,-16.33,22.0,68,40,5.1,PT
kilindoni,-7.91,39.67,25.05,76,18,7.58,TZ
jacareacanga,-6.22,-57.75,26.61,70,83,0.82,BR
durres,41.32,19.44,21.0,88,0,2.1,AL
sibolga,1.74,98.78,25.65,75,100,1.45,ID
kaitangata,-46.28,169.85,5.0,76,5,2.24,NZ
grand gaube,-20.01,57.66,21.67,74,14,4.47,MU
lebu,-37.62,-73.65,9.92,76,91,1.72,CL
talara,-4.58,-81.27,17.65,86,23,6.28,PE
bathsheba,13.22,-59.52,28.0,74,40,9.8,BB
bayan,46.08,127.4,24.15,72,0,2.62,CN
severo-kurilsk,50.68,156.12,8.09,89,92,3.74,RU
guilin,25.28,110.29,26.0,94,90,0.56,CN
san patricio,19.22,-104.7,28.0,69,90,1.27,MX
daitari,21.1,85.75,25.82,93,89,0.97,IN
tuktoyaktuk,69.45,-133.04,5.0,93,90,6.2,CA
codrington,-38.27,141.97,8.82,88,100,8.14,AU
tombouctou,20.0,-3.0,33.46,11,0,1.85,ML
bubaque,11.28,-15.83,26.88,83,100,4.42,GW
chuy,-33.7,-53.46,6.48,88,75,2.97,UY
teguldet,57.31,88.17,19.36,94,13,2.53,RU
mahebourg,-20.41,57.7,22.0,78,40,6.7,MU
smithers,54.78,-127.17,13.0,93,90,2.6,CA
marsaxlokk,35.84,14.54,23.89,88,20,4.6,MT
klaksvik,62.23,-6.59,6.0,87,100,2.6,FO
nanortalik,60.14,-45.24,6.33,77,100,2.39,GL
yurla,59.33,54.32,12.4,97,100,2.12,RU
tiznit,29.58,-9.5,26.57,31,7,1.05,MA
sivas,39.79,37.0,12.0,93,0,1.0,TR
salalah,17.02,54.09,27.0,100,90,3.6,OM
heerde,52.39,6.04,14.44,94,6,0.89,NL
port elizabeth,-33.92,25.57,16.0,67,20,7.2,ZA
luderitz,-26.65,15.16,16.0,55,0,3.1,NA
griffith,41.53,-87.42,28.33,57,1,2.6,US
hasaki,35.73,140.83,28.33,65,75,4.1,JP
bolshaya dzhalga,45.97,42.7,19.45,51,0,3.98,RU
bengkulu,-3.8,102.27,25.48,80,100,0.92,ID
san lawrenz,36.06,14.2,23.89,88,20,5.1,MT
cidreira,-30.18,-50.21,9.4,74,0,4.7,BR
dikson,73.51,80.55,8.3,76,14,5.21,RU
joensuu,62.6,29.76,12.0,81,90,2.1,FI
sangar,63.92,127.47,18.22,56,93,8.26,RU
tual,-5.67,132.75,26.76,82,6,8.34,ID
pangnirtung,66.15,-65.71,11.84,49,44,0.62,CA
longyearbyen,78.22,15.64,6.0,70,40,3.6,SJ
najran,17.49,44.13,30.0,22,93,1.5,SA
touros,-5.2,-35.46,24.0,94,20,1.5,BR
cabo san lucas,22.89,-109.91,29.44,69,40,3.6,MX
upernavik,72.79,-56.15,3.69,80,7,4.16,GL
choix,26.71,-108.32,35.53,36,11,3.89,MX
moranbah,-22.0,148.05,19.52,57,0,5.28,AU
hambantota,6.12,81.12,27.14,79,97,6.53,LK
severnyy,50.68,36.55,20.0,77,14,1.7,RU
amahai,-3.33,128.92,26.26,83,74,1.78,ID
saint-pierre,-21.34,55.48,16.0,77,8,4.1,RE
portland,45.52,-122.68,23.33,40,20,2.1,US
adrar,20.5,-10.07,35.05,16,38,1.23,MR
nanga eboko,4.68,12.37,20.34,98,74,1.49,CM
minab,27.15,57.08,32.0,70,0,4.1,IR
meadow lake,34.8,-106.54,34.44,17,40,4.6,US
shahr-e babak,30.12,55.12,21.94,30,45,1.22,IR
zhicheng,30.3,111.5,26.11,94,50,1.02,CN
saldanha,-33.01,17.94,10.0,93,29,1.5,ZA
seoul,37.57,126.98,27.0,65,20,1.5,KR
dakar,14.69,-17.44,27.0,83,40,3.1,SN
florianopolis,-27.61,-48.5,13.0,66,40,3.1,BR
nhulunbuy,-12.23,136.77,27.0,74,75,6.2,AU
isabela,6.71,121.97,27.44,75,60,0.7,PH
chokurdakh,70.63,147.92,4.57,77,100,7.95,RU
saint george,37.1,-113.58,36.11,11,1,8.7,US
ribeira grande,38.52,-28.7,19.68,79,0,3.14,PT
karratha,-20.74,116.85,23.15,33,70,9.57,AU
butaritari,3.07,172.79,27.55,75,47,3.26,KI
craig,40.52,-107.55,30.0,10,1,6.7,US
tasiilaq,65.61,-37.64,9.0,66,0,2.6,GL
esperance,-33.87,121.9,9.0,100,90,2.6,AU
polis,35.04,32.43,21.0,68,20,3.1,CY
sept-iles,50.2,-66.38,16.67,77,75,2.1,CA
acajutla,13.59,-89.83,29.0,58,20,1.5,SV
castro,-24.79,-50.01,6.62,79,21,0.35,BR
sitka,57.05,-135.33,26.0,27,40,3.1,US
loviisa,60.46,26.23,13.89,97,52,3.3,FI
henties bay,-22.12,14.28,18.68,34,0,2.12,NA
bairiki,1.33,172.98,30.0,70,20,4.6,KI
huadian,42.96,126.75,22.84,70,78,1.53,CN
clyde river,70.47,-68.59,11.0,66,20,9.8,CA
flin flon,54.77,-101.86,23.0,56,90,2.6,CA
iquique,-20.22,-70.14,17.0,67,90,2.1,CL
nome,64.5,-165.41,9.0,93,90,4.6,US
lavrentiya,65.58,-171.0,7.19,91,97,1.75,RU
acapulco,16.86,-99.89,30.0,74,40,2.1,MX
uetze,52.47,10.2,15.0,87,75,3.1,DE
torbay,47.67,-52.73,11.11,100,90,3.1,CA
qaqortoq,60.72,-46.03,11.0,43,100,2.1,GL
salinas,36.68,-121.66,20.56,63,90,8.2,US
geraldton,-28.77,114.6,12.0,62,0,5.1,AU
lanzhou,36.06,103.79,22.78,43,100,1.26,CN
kaifeng,34.79,114.35,24.0,88,19,2.0,CN
tutoia,-2.76,-42.27,25.26,88,74,3.68,BR
alnashi,56.19,52.48,13.66,91,65,2.87,RU
east london,-33.02,27.91,17.37,65,2,7.98,ZA
inta,66.03,60.17,14.08,70,97,3.62,RU
louth,53.37,0.0,13.0,93,64,1.5,GB
northam,51.03,-4.22,13.89,91,77,4.02,GB
ulladulla,-35.35,150.47,13.0,50,20,10.3,AU
nikolskoye,59.7,30.79,16.0,82,40,2.0,RU
seymchan,62.88,152.43,12.88,56,100,1.0,RU
clinton,42.59,-82.92,32.78,54,20,2.6,US
axim,4.87,-2.24,24.76,87,63,4.45,GH
zhigansk,66.77,123.37,13.85,69,92,7.29,RU
daru,-9.08,143.21,25.84,78,99,8.46,PG
riyadh,24.69,46.72,32.0,29,0,3.1,SA
kemi,65.86,24.82,9.0,93,49,2.1,FI
port hardy,50.7,-127.42,17.0,55,75,6.7,CA
forbes,-33.38,148.02,12.22,64,0,0.45,AU
bauchi,10.5,10.0,26.32,66,27,3.96,NG
hailey,43.52,-114.32,23.0,24,5,3.6,US
laguna,38.42,-121.42,30.0,21,1,7.2,US
margate,51.38,1.39,16.67,84,5,3.76,GB
faya,18.39,42.45,20.0,63,86,0.96,SA
saint anthony,45.02,-93.22,32.22,40,1,2.1,US
belaya gora,68.53,146.42,6.27,87,100,6.6,RU
faanui,-16.48,-151.75,26.88,80,0,9.25,PF
hala,25.81,68.42,28.0,74,24,2.1,PK
edd,13.93,41.69,33.3,39,98,3.82,ER
krasnyy yar,46.53,48.35,18.0,77,0,2.0,RU
mount gambier,-37.83,140.77,9.0,93,90,7.7,AU
kapit,2.02,112.93,24.0,91,97,1.21,MY
uusikaupunki,60.8,21.41,15.0,87,20,2.6,FI
mangrol,21.12,70.12,29.79,76,96,5.86,IN
abonnema,4.71,6.79,24.45,92,100,2.46,NG
leningradskiy,69.38,178.42,8.71,69,100,4.35,RU
haines junction,60.75,-137.51,23.38,20,0,2.02,CA
khao wong,16.7,104.09,25.0,100,75,2.1,TH
lompoc,34.64,-120.46,18.89,72,1,5.7,US
basco,20.45,121.97,29.13,82,88,5.93,PH
shizunai,42.33,142.37,17.36,87,54,2.88,JP
wildwood,38.58,-90.66,31.11,58,1,2.1,US
richards bay,-28.78,32.04,16.46,61,0,3.19,ZA
yellowknife,62.46,-114.35,18.89,68,75,4.1,CA
guerrero negro,27.98,-114.06,22.69,60,0,8.23,MX
cockburn town,21.46,-71.14,28.49,82,62,7.61,TC
corinto,37.94,22.96,26.11,46,0,0.89,GR
sorong,-0.88,131.25,27.49,77,52,3.05,ID
beyla,8.68,-8.63,19.56,97,63,1.72,GN
gushi,34.64,109.58,28.73,53,48,3.81,CN
sao joao da barra,-21.64,-41.05,20.21,76,100,1.54,BR
talnakh,69.49,88.4,16.0,51,6,6.0,RU
mujiayingzi,42.12,118.78,20.8,70,100,0.49,CN
strezhevoy,60.73,77.59,17.0,88,100,2.0,RU
vila velha,-20.33,-40.29,22.0,78,90,4.1,BR
yeppoon,-23.13,150.73,22.0,60,0,2.6,AU
huarmey,-10.07,-78.15,15.78,85,37,3.31,PE
tigil,57.8,158.67,8.96,83,100,2.76,RU
togur,58.36,82.83,20.16,90,7,0.93,RU
basoko,1.24,23.62,22.79,84,0,0.6,CD
buraydah,26.33,43.98,35.0,20,0,8.7,SA
robertsport,6.75,-11.37,25.25,85,100,5.43,LR
ambon,-3.7,128.18,25.0,94,75,2.6,ID
soyo,-6.13,12.37,21.89,88,0,3.19,AO
hailar,49.2,119.7,24.76,45,1,2.67,CN
jasper,37.2,-94.35,29.44,69,1,1.5,US
kununurra,-15.77,128.73,26.0,40,0,6.43,AU
chunhuhub,19.55,-88.68,24.41,91,95,1.52,MX
vera cruz,-12.63,-41.03,19.45,69,3,1.35,BR
sainte-anne-des-monts,49.12,-66.49,13.72,85,0,3.92,CA
nagram,26.62,81.13,29.0,89,75,3.86,IN
champasak,14.75,106.0,25.0,94,90,1.0,LA
hamilton,39.18,-84.53,30.0,51,20,2.6,US
santiago,-33.46,-70.65,13.0,82,75,1.5,CL
ancud,-41.87,-73.82,8.89,93,90,3.6,CL
new waterford,40.85,-80.61,27.78,43,58,0.89,US
ixtapa,20.7,-105.2,30.0,74,75,4.6,MX
hirara,24.8,125.28,30.0,79,75,6.2,JP
minna,9.61,6.56,24.63,88,48,0.52,NG
severobaykalsk,55.65,109.32,18.44,50,11,0.73,RU
hofn,64.25,-15.21,7.55,76,88,2.05,IS
port hedland,-20.32,118.57,22.0,26,73,5.1,AU
olafsvik,64.89,-23.71,11.02,77,0,1.88,IS
maua,-23.67,-46.46,13.0,81,75,3.1,BR
kawalu,-7.38,108.21,22.97,89,97,0.36,ID
reconquista,-29.15,-59.65,7.77,77,0,2.13,AR
port lincoln,-34.73,135.87,14.48,68,14,7.26,AU
sumter,28.71,-82.08,30.0,75,89,1.79,US
miracema do tocantins,-9.56,-48.4,24.81,45,0,0.87,BR
paamiut,61.99,-49.67,6.39,75,100,4.58,GL
taungdwingyi,20.02,95.55,26.28,86,79,4.42,MM
hohhot,40.81,111.65,19.0,72,0,2.0,CN
parana,-31.73,-60.52,10.56,80,0,2.0,AR
omboue,-1.57,9.26,22.1,92,100,2.45,GA
norman wells,65.28,-126.83,12.0,76,90,5.7,CA
stabat,3.76,98.45,24.0,100,40,1.5,ID
deputatskiy,69.3,139.9,7.8,64,100,7.18,RU
saryagash,41.45,69.17,19.0,42,0,4.1,KZ
usevya,-7.1,31.23,17.86,60,12,3.5,TZ
tessalit,20.2,1.01,32.7,11,0,2.7,ML
gat,31.61,34.76,22.78,82,0,0.37,IL
kita,13.03,-9.49,25.29,76,0,2.57,ML
los llanos de aridane,28.66,-17.92,23.0,73,90,8.7,ES
broken hill,-31.95,141.43,9.0,70,0,5.1,AU
beringovskiy,63.05,179.32,11.95,53,100,5.29,RU
oster,50.95,30.88,22.78,68,100,1.0,UA
lulea,65.58,22.15,12.0,66,100,2.6,SE
vestmannaeyjar,63.44,-20.27,10.24,78,13,8.93,IS
chemax,20.65,-87.93,25.81,82,10,1.62,MX
mecca,21.43,39.83,30.65,13,0,2.07,SA
talakan,50.32,130.37,24.26,57,13,2.28,RU
cedar city,37.68,-113.06,29.0,13,1,9.8,US
poum,-20.23,164.02,21.58,67,86,5.59,NC
puerto montt,-41.47,-72.94,8.0,93,90,5.7,CL
vostok,46.49,135.88,22.71,39,0,1.4,RU
pangkalanbuun,-2.68,111.62,26.38,87,65,1.33,ID
matara,5.95,80.54,25.87,86,100,3.81,LK
petropavlovsk-kamchatskiy,53.05,158.65,14.0,67,40,3.0,RU
muros,42.78,-9.06,12.22,82,3,0.45,ES
jiangyou,31.77,104.72,25.18,68,93,0.27,CN
christchurch,-43.53,172.63,9.0,70,2,1.91,NZ
manado,1.49,124.85,28.0,78,20,1.0,ID
avarua,-21.21,-159.78,26.0,78,89,2.6,CK
pisco,-13.7,-76.22,17.0,77,20,2.1,PE
nanchang,28.68,115.88,29.42,77,100,4.02,CN
soure,-0.72,-48.52,26.02,85,7,4.29,BR
comodoro rivadavia,-45.87,-67.5,7.0,81,100,2.1,AR
la ronge,55.1,-105.28,15.0,93,75,2.6,CA
chadan,51.28,91.58,18.47,64,75,0.7,RU
khorixas,-20.37,14.97,15.51,32,0,5.42,NA
puerto madero,14.72,-92.42,27.0,83,40,2.1,MX
valdemarpils,57.37,22.59,14.0,100,69,3.6,LV
kigoma,-4.88,29.63,22.3,70,0,1.23,TZ
katsuura,35.13,140.3,28.33,71,100,0.89,JP
cape coast,5.11,-1.25,24.55,89,100,4.39,GH
ust-kan,50.93,84.76,15.42,68,0,1.9,RU
ternate,0.8,127.4,28.21,74,65,3.66,ID
carutapera,-1.2,-46.02,25.14,85,0,2.67,BR
bulaevo,54.91,70.44,13.63,90,100,4.05,KZ
alekseyevsk,57.84,108.35,27.17,44,61,2.71,RU
teknaf,20.86,92.31,26.91,89,100,3.5,BD
cabo rojo,18.09,-67.15,29.44,77,0,0.89,PR
dubrovnik,42.65,18.09,26.0,47,2,1.0,HR
shar,49.59,81.05,22.39,41,97,7.18,KZ
ugoofaaru,5.67,73.0,28.49,78,100,4.62,MV
mayo,38.89,-76.51,30.0,58,1,2.1,US
ossora,59.24,163.07,10.08,94,100,4.87,RU
leeton,-34.57,146.4,8.33,100,0,3.1,AU
marawi,8.0,124.29,27.78,80,39,1.34,PH
alofi,-19.06,-169.92,24.0,88,90,8.2,NU
ambunti,-4.24,142.84,31.32,60,32,0.39,PG
solana beach,32.99,-117.27,25.0,64,1,4.1,US
hobyo,5.35,48.53,25.38,74,99,10.19,SO
bath,51.38,-2.36,13.89,89,100,3.23,GB
pevek,69.7,170.31,6.55,76,95,8.17,RU
nelson bay,-32.72,152.15,18.33,67,75,7.2,AU
sarkand,45.41,79.92,17.32,63,96,1.98,KZ
lima,-12.04,-77.03,16.0,77,90,3.6,PE
okato,-39.2,173.88,13.33,51,53,1.79,NZ
saint-joseph,-21.37,55.62,16.0,77,42,4.1,RE
antofagasta,-23.65,-70.4,14.0,76,20,1.0,CL
ondangwa,-17.92,15.95,13.0,47,0,2.1,NA
goure,13.98,10.27,31.67,47,14,1.79,NE
wembley,-31.93,115.8,12.78,76,0,8.2,AU
kupang,-10.17,123.58,27.0,65,20,5.1,ID
san cristobal,7.77,-72.22,28.0,54,40,5.7,VE
san javier,37.81,-0.84,24.0,100,20,1.5,ES
lahij,13.17,44.58,30.31,47,96,2.82,YE
airai,-8.93,125.41,18.81,68,1,2.66,TL
gejiu,23.31,103.16,16.6,100,100,1.14,CN
shubarkuduk,49.14,56.49,18.51,45,27,3.1,KZ
jos,9.92,8.9,20.05,86,87,2.58,NG
avera,33.19,-82.53,31.0,55,1,1.5,US
okakarara,-20.58,17.43,6.16,62,0,2.14,NA
aykhal,66.0,111.5,11.0,71,75,4.0,RU
oktyabrskoye,43.06,44.74,17.0,82,0,2.0,RU
berdigestyakh,62.1,126.7,19.84,47,22,5.73,RU
vitim,59.45,112.56,24.84,38,100,2.39,RU
turukhansk,65.82,87.98,21.93,55,100,4.62,RU
ambilobe,-13.2,49.05,18.25,76,100,1.3,MG
severo-yeniseyskiy,60.37,93.04,23.41,51,0,1.92,RU
sibu,2.3,111.82,24.0,94,40,2.1,MY
novikovo,51.15,37.89,17.42,74,71,1.56,RU
lumeje,-11.55,20.78,12.65,56,0,2.39,AO
southbridge,42.08,-72.03,24.44,87,89,0.29,US
yacuiba,-22.04,-63.68,8.74,58,0,1.28,BO
tateyama,34.98,139.87,25.56,65,75,4.6,JP
oussouye,12.48,-16.55,25.0,94,20,1.0,SN
cayenne,4.93,-52.33,26.0,94,20,4.09,GF
merrill,45.18,-89.68,30.0,69,90,4.1,US
lundazi,-12.29,33.18,13.01,86,0,4.42,ZM
iqaluit,63.75,-68.51,7.0,81,75,2.6,CA
dzialdowo,53.24,20.17,13.0,100,100,0.74,PL
barcelos,41.54,-8.62,15.56,87,0,2.1,PT
sukumo,32.93,132.73,21.35,90,100,3.42,JP
noumea,-22.28,166.46,23.0,49,75,3.6,NC
verkhoyansk,67.54,133.38,20.9,35,0,4.96,RU
constitucion,-35.33,-72.42,9.93,79,98,1.81,CL
itaituba,-4.28,-55.98,24.34,89,99,0.34,BR
pouebo,-20.4,164.57,21.84,62,90,6.53,NC
wellington,-41.29,174.78,11.11,76,1,2.6,NZ
dustlik,40.52,68.04,16.2,39,0,1.5,UZ
baraki barak,33.97,68.95,18.32,28,0,1.34,AF
cap malheureux,-19.98,57.61,21.67,74,2,4.47,MU
puri,19.8,85.85,29.0,94,40,1.0,IN
sisimiut,66.94,-53.67,8.89,69,0,5.01,GL
davidson,36.15,-86.78,32.22,66,1,2.6,US
puerto lleras,3.02,-73.4,22.74,97,100,0.99,CO
sompeta,18.93,84.6,29.8,76,100,1.55,IN
starobaltachevo,56.0,55.92,11.63,96,59,2.73,RU
cortez,37.35,-108.59,31.0,15,1,3.6,US
surt,31.21,16.59,22.89,75,0,0.47,LY
takoradi,4.88,-1.76,24.66,88,97,4.33,GH
raudeberg,61.99,5.14,6.67,91,100,6.29,NO
hauterive,46.09,3.45,16.0,77,62,1.0,FR
tura,25.52,90.22,24.02,99,100,2.92,IN
mehamn,71.04,27.85,7.09,85,100,9.78,NO
marsh harbour,26.54,-77.06,29.29,67,97,3.68,BS
bud,39.45,-86.18,30.0,42,1,3.6,US
nantucket,41.28,-70.1,21.67,88,1,4.6,US
halifax,44.65,-63.57,21.67,79,41,3.01,CA
toul,48.67,5.92,16.0,77,90,3.1,FR
semey,50.41,80.23,19.0,68,95,3.0,KZ
naze,28.37,129.48,27.0,100,75,4.6,JP
goderich,43.75,-81.72,25.56,61,0,0.77,CA
priiskovyy,51.93,116.63,25.72,45,0,1.48,RU
potsdam,52.4,13.07,17.78,86,95,1.46,DE
biak,-0.91,122.88,25.64,80,81,4.13,ID
kirakira,-10.45,161.92,27.27,79,100,6.55,SB
totonicapan,14.92,-91.37,13.89,75,100,0.45,GT
waipawa,-41.41,175.52,10.0,76,4,2.6,NZ
arkhangelskoye,55.85,35.33,15.46,99,61,2.98,RU
rezekne,56.5,27.32,12.18,96,100,3.35,LV
iskateley,67.68,53.15,14.24,82,100,5.4,RU
sun city west,33.66,-112.34,40.0,16,1,4.1,US
puerto escondido,15.85,-97.07,27.97,71,49,1.9,MX
zyryanka,65.75,150.85,7.21,87,100,5.8,RU
arman,59.7,150.17,15.21,56,0,3.88,RU
general roca,-39.03,-67.58,6.0,93,75,1.0,AR
pedro betancourt,22.73,-81.29,26.0,88,75,1.5,CU
russell,32.35,-85.2,29.0,78,1,3.1,US
natal,-5.79,-35.21,24.0,94,20,1.5,BR
kasungu,-13.03,33.48,11.31,90,0,2.26,MW
gilgit,35.92,74.31,24.69,29,51,0.87,PK
sri aman,1.24,111.46,24.0,94,20,2.6,MY
fortuna,40.6,-124.16,18.33,67,20,6.2,US
magnolia,33.27,-93.24,33.33,70,1,3.1,US
saint-augustin,51.23,-58.65,7.81,88,1,1.35,CA
beni suef,29.07,31.1,23.69,46,0,3.45,EG
belmonte,-15.86,-38.88,23.0,88,0,2.1,BR
plettenberg bay,-34.05,23.37,14.21,76,50,4.23,ZA
ostrovnoy,68.05,39.51,11.63,71,0,4.02,RU
hornepayne,49.21,-84.77,22.73,78,5,3.82,CA
dunedin,-45.87,170.5,7.22,77,0,1.34,NZ
savyntsi,49.4,37.06,17.68,72,0,2.24,UA
paragominas,-2.97,-47.48,23.22,91,35,2.08,BR
banjar,-8.19,114.97,25.0,100,40,1.0,ID
ler,8.3,30.14,20.62,95,46,1.47,SS
pahrump,36.21,-115.98,37.22,11,0,4.02,US
wajir,1.75,40.06,22.39,72,97,6.61,KE
rio gallegos,-51.62,-69.22,-1.0,100,90,3.6,AR
xuddur,4.12,43.89,21.13,75,100,9.09,SO
itupiranga,-5.13,-49.33,25.0,83,12,0.57,BR
uyutne,45.2,33.3,23.07,73,0,3.42,UA
port hawkesbury,45.62,-61.35,19.0,82,90,4.1,CA
panaba,21.28,-88.27,25.74,83,98,3.6,MX
asyut,27.18,31.18,26.0,34,0,3.6,EG
benghazi,32.12,20.07,24.26,79,0,4.2,LY
farah,32.5,62.5,23.14,20,0,2.38,AF
vila franca do campo,37.72,-25.43,17.0,77,20,1.0,PT
touba,8.28,-7.68,21.27,95,94,3.01,CI
oranjestad,12.52,-70.03,29.0,74,20,9.8,AW
bandarbeyla,9.49,50.81,27.24,54,20,15.0,SO
jalu,29.03,21.55,26.39,40,0,4.52,LY
teahupoo,-17.83,-149.27,30.0,66,20,9.8,PF
qianan,44.99,124.06,28.05,44,98,2.21,CN
hit,33.64,42.83,29.85,18,0,2.72,IQ
bat yam,32.02,34.75,23.0,73,0,2.1,IL
saint-georges,12.06,-61.75,28.0,78,20,8.2,GD
mingshui,36.72,117.5,24.44,86,99,4.01,CN
savannah bight,16.45,-85.85,28.12,73,100,6.29,HN
impfondo,1.64,18.07,22.14,91,16,0.18,CG
vagur,61.47,-6.81,8.01,73,44,1.35,FO
kudahuvadhoo,2.67,72.89,28.77,67,76,1.8,MV
marang,5.21,103.21,27.0,94,40,1.5,MY
moen,69.13,18.61,6.0,87,9,8.2,NO
port blair,11.67,92.75,28.56,79,100,7.05,IN
ayan,56.45,138.17,14.19,75,98,1.26,RU
boden,65.83,21.69,12.0,66,100,2.6,SE
dingle,11.0,122.67,29.51,70,90,0.88,PH
svobodnyy,51.4,128.13,21.63,76,100,5.92,RU
yulara,-25.24,130.99,12.0,50,10,5.7,AU
verkhnyaya inta,65.98,60.31,13.73,78,98,3.57,RU
molteno,-31.4,26.36,3.56,64,0,2.25,ZA
puerto suarez,-18.95,-57.8,15.43,59,56,1.31,BO
uglovskoye,51.36,80.19,20.83,60,3,4.06,RU
north myrtle beach,33.82,-78.68,26.67,88,71,1.82,US
mayahi,13.96,7.67,31.58,46,1,5.06,NE
kondopoga,62.21,34.26,10.0,93,99,1.0,RU
tabas,33.6,56.92,33.0,16,17,2.1,IR
lerwick,60.15,-1.15,9.0,93,100,6.7,GB
vagay,57.94,69.02,13.16,80,27,2.95,RU
porbandar,21.64,69.61,29.9,78,17,5.28,IN
byron bay,-28.65,153.62,20.0,77,0,3.33,AU
tanete,-3.94,119.78,27.3,74,79,4.0,ID
yatou,37.15,122.38,22.24,71,100,2.92,CN
flinders,-34.58,150.86,14.44,59,0,5.36,AU
turbat,26.0,63.04,28.84,76,3,0.98,PK
parrita,9.52,-84.32,21.0,94,75,1.64,CR
kurri kurri,-32.82,151.48,16.67,69,0,0.89,AU
sistranda,63.73,8.83,9.0,87,40,3.6,NO
gisborne,-38.65,178.0,12.22,53,47,4.02,NZ
santa cruz,-17.8,-63.17,18.0,55,90,1.5,BO
sfantu gheorghe,45.87,25.78,18.89,85,0,0.96,RO
moengo,5.62,-54.4,23.7,96,100,1.3,SR
arivonimamo,-19.02,47.18,12.0,87,75,2.6,MG
jumla,29.27,82.18,18.91,64,58,0.71,NP
santa rosa,14.31,121.11,31.67,68,100,2.68,PH
buchanan,5.88,-10.05,24.0,100,75,3.62,LR
lermontovka,47.15,134.34,23.85,39,0,2.37,RU
saint paul,44.94,-93.09,31.67,48,1,3.6,US
egvekinot,66.32,-179.17,8.91,65,14,3.08,RU
dargaville,-35.93,173.88,13.37,57,13,2.47,NZ
gravdal,68.12,13.5,5.0,86,20,1.5,NO
labuhan,-6.88,112.21,26.28,77,9,1.56,ID
wanning,18.8,110.4,29.28,77,100,4.16,CN
boyarka,50.32,30.3,22.78,82,100,2.0,UA
voyinka,45.87,33.99,23.2,68,0,2.5,UA
santa maria,-29.68,-53.81,5.08,85,0,1.01,BR
puro,12.48,123.38,29.44,70,5,2.65,PH
nakusp,50.25,-117.8,14.44,84,36,1.79,CA
cherskiy,68.75,161.3,6.06,91,100,1.87,RU
pangai,-19.8,-174.35,25.0,61,20,5.7,TO
hualmay,-11.1,-77.61,15.82,84,36,3.71,PE
amberieu-en-bugey,45.96,5.34,17.0,77,4,2.1,FR
castrillon,43.4,-6.79,15.0,82,90,2.6,ES
khani,41.96,42.96,19.0,93,19,1.5,GE
juan lacaze,-34.43,-57.44,5.56,89,0,4.91,UY
durant,33.99,-96.37,26.0,74,1,3.26,US
pervomayskiy,53.25,40.29,16.78,86,0,3.76,RU
garden city,42.33,-83.33,32.0,51,20,3.6,US
challans,46.84,-1.87,13.89,93,0,2.1,FR
nuuk,64.18,-51.72,11.0,57,20,3.1,GL
mabaruma,8.2,-59.78,23.93,96,100,1.8,GY
boundiali,9.52,-6.49,23.42,81,5,2.21,CI
mandera,3.94,41.87,24.74,55,27,7.35,KE
nouadhibou,20.93,-17.03,20.0,88,0,5.1,MR
ilulissat,69.22,-51.1,9.0,66,98,1.5,GL
eyl,7.98,49.82,26.94,50,8,13.41,SO
brusque,-27.1,-48.92,15.0,67,20,3.1,BR
aykino,62.22,49.99,11.99,96,0,1.36,RU
kattivakkam,13.22,80.32,27.0,83,75,4.6,IN
ayna,-12.65,-73.92,16.35,66,37,0.71,PE
blagoyevo,63.37,47.92,11.92,94,0,1.54,RU
la libertad,-2.23,-80.9,22.0,88,90,4.6,EC
lincoln,40.8,-96.67,29.44,62,75,5.1,US
sebinkarahisar,40.29,38.42,13.09,87,0,0.52,TR
ron phibun,8.18,99.85,27.0,94,75,2.46,TH
namatanai,-3.67,152.43,28.21,76,26,2.38,PG
wajima,37.4,136.9,21.0,83,75,3.6,JP
weiser,44.25,-116.97,27.0,22,1,2.6,US
kinablangan,7.69,126.55,28.65,68,3,1.07,PH
bulungu,-4.55,18.6,23.36,54,0,0.39,CD
rawson,-43.3,-65.1,7.96,66,0,5.12,AR
sarakhs,36.54,61.16,23.0,28,0,2.1,IR
ishigaki,24.34,124.16,30.0,89,75,4.6,JP
rudnichnyy,59.62,52.47,11.52,98,30,1.27,RU
vao,-22.67,167.48,20.59,59,17,6.42,NC
kropotkin,45.44,40.58,19.51,53,0,3.17,RU
kantang,7.41,99.52,26.0,100,20,0.33,TH
mumford,5.26,-0.76,24.59,89,100,4.71,GH
neiafu,-18.65,-173.98,23.0,88,90,2.6,TO
havoysund,71.0,24.66,6.0,93,75,8.7,NO
floyita,40.27,23.22,26.11,62,0,1.33,GR
mandalgovi,45.76,106.27,18.32,57,0,3.62,MN
cheremukhovo,60.35,59.99,11.16,69,100,0.84,RU
opuwo,-18.06,13.84,14.37,38,0,4.93,NA
wuxi,31.57,120.29,26.11,95,100,0.45,CN
sovetsk,55.08,21.88,12.16,93,60,2.12,RU
kastamonu,41.5,33.67,13.25,84,0,0.28,TR
karangasem,-8.45,115.62,25.0,100,40,1.0,ID
bahia honda,22.9,-83.16,26.65,83,49,2.62,CU
okahandja,-21.98,16.92,11.0,32,0,3.1,NA
praya,14.92,-23.51,25.0,83,75,5.7,CV
fort nelson,58.81,-122.7,17.0,82,75,6.7,CA
sao filipe,14.9,-24.5,24.02,83,39,3.45,CV
sioux lookout,50.1,-91.92,30.0,37,5,2.6,CA
luorong,24.41,109.61,28.42,82,100,2.98,CN
sudak,44.85,34.97,23.98,70,2,3.38,UA
san blas,21.52,-105.27,26.0,74,75,6.2,MX
broome,42.25,-75.83,27.0,44,20,3.1,US
alvaraes,-3.22,-64.8,23.86,94,100,0.45,BR
cairns,-16.92,145.77,24.0,69,6,6.7,AU
tsurugi,36.45,136.63,22.78,88,75,2.6,JP
aklavik,68.22,-135.01,9.0,70,90,5.7,CA
erenhot,43.65,111.98,24.46,41,2,1.97,CN
upata,8.01,-62.4,26.11,87,100,2.63,VE
mahibadhoo,3.78,72.97,28.74,71,100,3.12,MV
sola,-13.88,167.55,25.6,81,29,11.61,VU
beyneu,45.32,55.2,22.24,22,0,4.0,KZ
xam nua,20.42,104.04,23.46,89,100,0.62,LA
camabatela,-8.19,15.38,14.08,91,0,0.72,AO
thinadhoo,0.53,72.93,29.01,64,96,1.1,MV
cunha,-23.07,-44.96,13.0,82,53,1.0,BR
fairhope,30.52,-87.9,27.78,78,1,1.5,US
matias romero,16.88,-95.03,25.93,81,76,2.58,MX
lorengau,-2.02,147.27,28.39,77,10,4.45,PG
nador,35.17,-2.93,29.0,28,100,7.2,MA
fairlie,55.76,-4.86,10.0,87,100,0.28,GB
eskisehir,39.78,30.52,17.0,82,0,2.6,TR
colac,-38.33,143.58,6.11,99,100,0.45,AU
warrington,53.39,-2.58,14.0,82,92,2.6,GB
muzhi,65.37,64.67,14.98,63,76,2.54,RU
magalia,39.81,-121.58,33.33,24,20,6.7,US
martapura,-3.42,114.85,25.0,100,40,1.0,ID
barabai,-2.58,115.38,27.24,76,52,0.32,ID
gushikawa,26.35,127.87,29.0,83,75,3.6,JP
hervey bay,-25.3,152.85,20.0,75,0,2.68,AU
hokitika,-42.72,170.97,10.49,57,2,1.46,NZ
zaoyang,32.13,112.75,26.02,80,100,1.25,CN
mao,39.89,4.27,23.0,83,0,5.1,ES
pilar,-9.6,-35.96,23.0,94,40,1.5,BR
xuanhua,40.61,115.04,18.11,85,100,0.33,CN
la paz,-16.5,-68.15,1.0,24,33,3.1,BO
arica,-18.48,-70.3,16.0,72,75,1.5,CL
baykit,61.67,96.37,24.78,43,0,2.59,RU
corozal,9.32,-75.29,24.67,93,100,3.13,CO
asmar,35.03,71.36,25.26,24,0,4.45,AF
manacapuru,-3.3,-60.62,25.0,94,40,1.7,BR
monze,-16.28,27.48,9.81,77,0,1.3,ZM
toora-khem,52.47,96.11,21.57,52,0,1.03,RU
debar,41.52,20.53,21.0,88,0,2.1,MK
eenhana,-17.47,16.33,13.0,47,0,2.1,NA
champerico,14.3,-91.92,25.0,94,75,4.89,GT
srednekolymsk,67.45,153.68,5.26,88,100,2.97,RU
lasa,46.62,10.7,15.0,100,75,2.1,IT
gifhorn,52.48,10.55,15.0,87,2,2.82,DE
pelym,61.01,62.0,12.49,71,81,2.01,RU
whitianga,-36.83,175.7,13.89,70,0,1.79,NZ
luwuk,-0.95,122.79,26.01,77,84,3.38,ID
maniitsoq,65.42,-52.9,8.62,70,0,5.94,GL
nizhniy odes,63.64,54.86,12.64,86,99,2.83,RU
banepa,27.63,85.52,22.0,94,75,1.5,NP
sao lourenco do sul,-31.37,-51.98,9.0,76,90,3.1,BR
kakamega,0.28,34.75,15.26,89,51,1.52,KE
